num_id;name_theme
1;Modélisation et simulation numérique
2;Modes de transfert
3;Thermique appliquée - échangeur
7;Conversion de l'énergie
8;Modes de transfert
9;Conversion de l'énergie
10;Thermique appliquée - habitat
11;Thermique appliquée - échangeur
12;Thermique appliquée - échangeur
14;Métrologie et techniques inverses
15;Thermique appliquée - habitat
18;Modélisation et simulation numérique
19;Modes de transfert
21;Thermique appliquée - échangeur
23;Métrologie et techniques inverses
24;Modélisation et simulation numérique
25;Modélisation et simulation numérique
26;Modes de transfert
27;Conversion de l'énergie
28;Thermique appliquée - habitat
29;Conversion de l'énergie
30;Modes de transfert
31;Modes de transfert
33;Thermique appliquée - habitat
34;Thermique appliquée - habitat
35;Conversion de l'énergie
36;Conversion de l'énergie
37;Transferts en milieux hétérogènes
38;Modes de transfert
40;Thermique appliquée - échangeur
41;Thermique appliquée - échangeur
42;Thermique appliquée - échangeur
43;Modes de transfert
44;Modes de transfert
47;Modélisation et simulation numérique
48;Modes de transfert
49;Métrologie et techniques inverses
50;Modes de transfert
51;Modélisation et simulation numérique
52;Transferts en milieux hétérogènes
53;Métrologie et techniques inverses
55;Thermique appliquée - habitat
57;Transferts en milieux hétérogènes
58;Thermique appliquée - habitat
59;Métrologie et techniques inverses
63;Métrologie et techniques inverses
68;Conversion de l'énergie
69;Modes de transfert
71;Métrologie et techniques inverses
72;Transferts en milieux hétérogènes
73;Modélisation et simulation numérique
75;Conversion de l'énergie
76;Métrologie et techniques inverses
4;Conversion de l'énergie
6;Thermique appliquée - habitat
13;Modélisation et simulation numérique
16;Conversion de l'énergie
20;Modes de transfert
22;Modélisation et simulation numérique
32;Conversion de l'énergie
45;Conversion de l'énergie
46;Thermique appliquée - habitat
54;Conversion de l'énergie
62;Métrologie et techniques inverses
64;Thermique appliquée - échangeur
66;Modélisation et simulation numérique
67;Métrologie et techniques inverses
70;Métrologie et techniques inverses
74;Métrologie et techniques inverses
78;Thermique appliquée - habitat
79;Modélisation et simulation numérique
80;Thermique appliquée - habitat
81;Modes de transfert
82;Conversion de l'énergie
83;Modélisation et simulation numérique
84;Transferts en milieux hétérogènes
85;Thermique appliquée - échangeur
86;Thermique appliquée - habitat
87;Modélisation et simulation numérique
88;Conversion de l'énergie
